category,model,n,rmse,mae,mape,r2,directional_accuracy
Corn,lgbm,1398,1.5218022360095034,0.9210461701183781,1.3338659677501201,0.9941666387954816,60.7681755829904
Corn,lstm,1398,1.7161660049668817,0.7842328631161622,1.0114200154603499,0.9925814159230039,44.718792866941016
Corn,naive_calendar,1398,1.7272874365351056,0.7704434907010014,0.9943533483374662,0.9924849536830535,34.15637860082305
Fish,lgbm,2044,6.672026996491245,5.0528445930306205,2.092430869666051,0.996562920121855,58.13686026451984
Fish,lstm,2044,7.364988008014986,3.4887657887813757,1.4853322357937828,0.9958118895776288,44.39332949971248
Fish,naive_calendar,2044,11.323790243961463,3.7155528375733855,1.6074777163084748,0.9900994876971657,36.74525589419206
Fruits,lgbm,3510,4.885994780564959,2.7746728367456575,2.324211054473163,0.9959794418994427,59.356207994340295
Fruits,lstm,3510,7.687872636982601,1.7793836313545532,1.1578382881247213,0.9900461130321909,43.756632472585785
Fruits,naive_calendar,3510,9.74513170007732,1.871185185185185,1.2739966157396714,0.9840060486555374,34.34736469755925
Livestock,lgbm,2233,9.50237705485763,7.4688927616501815,1.9545666152060461,0.9852539518617787,54.633555420956995
Livestock,lstm,2233,3.5879916818199873,1.180543607369273,0.31549868530736014,0.9978976066030989,41.913991520290736
Livestock,naive_calendar,2233,3.5847635162008453,1.153394536497985,0.3076487766424043,0.9979013880059343,31.25378558449425
Oils,lgbm,1406,5.010842700821744,3.5544125757616847,4.5619372003853,0.9885753671101983,55.23996082272282
Oils,lstm,1406,5.594465950381073,0.8276692406644522,1.1432507694891914,0.9857590820509078,40.156709108716946
Oils,naive_calendar,1406,5.7403312672982105,0.8596514935988621,1.2306020356243834,0.9850067899371856,28.109696376101862
Poultry,lgbm,3677,2.889159657272298,1.067465900766044,2.636918673794718,0.9973638476343079,66.56561281940235
Poultry,lstm,3677,0.5023368446793524,0.15185042595276543,0.5711407885067306,0.9999203074926881,41.663057600692945
Poultry,naive_calendar,3677,0.5151431094085054,0.15204786510742457,0.58328019321791,0.9999161924365787,25.11909917713296
Rice,lgbm,4136,1.4718908814335023,0.751616511845236,1.183404172285521,0.9984239753496466,62.70742358078603
Rice,lstm,4136,1.5325850648205168,0.33649159072777624,0.44123048896243433,0.9982913191411678,42.92576419213974
Rice,naive_calendar,4136,1.532165286193574,0.32396518375241784,0.4166899151057403,0.9982922550363302,28.864628820960696
Sugar,lgbm,1053,1.7100621109598215,1.6319325550019774,2.1320298248127756,0.7966698625337801,52.25225225225225
Sugar,lstm,1053,0.4983917049306614,0.21048582226122906,0.27609429427639076,0.9827289160206379,43.371943371943374
Sugar,naive_calendar,1053,0.49782060636875614,0.2056885090218425,0.2698060744216517,0.9827684746245328,27.7992277992278
Vegetables,lgbm,10587,8.124129369315055,4.814369694282717,2.9776325232604006,0.9921070101854524,61.839596186203025
Vegetables,lstm,10587,8.538972894248296,3.2721464248893506,1.8356292534157719,0.9912803480287242,52.540661805945035
Vegetables,naive_calendar,10587,8.567188543121366,3.1686001700198356,1.797306662575766,0.991222627474857,45.59730790802019
